timestamp_coleta,trip_id,route_id,direction_id,start_time,start_date,vehicle_id,vehicle_label,stop_sequence,stop_id,arrival_delay,departure_delay
2026-04-21 07:55:09,S61   011080420733,S61,0,07:33:00,20260421,1011,Estação Vilarinho,2,14784363,,1260
2026-04-21 07:55:09,S55   011080250705,S55,0,07:05:00,20260421,1004,Minas Shopping,58,14791781,,-284
2026-04-21 07:55:09,S61   011080420741,S61,0,07:41:00,20260421,1003,Estação Vilarinho,21,14784465,,32
2026-04-21 07:55:09,2662548S307682P063000,S64,0,06:30:00,20260421,1024,Campo Alegre/Céu Azul Via Venda Nova,87,17541963,,1129
2026-04-21 07:55:09,2662022S307679P070500,1505,1,07:05:00,20260421,20871,Alto dos Pinheiros (Via Conjunto Felicidade),39,14790064,,299
2026-04-21 07:55:09,S70   011080400630,S70,0,06:30:00,20260421,1044,Shopping Del Rey (Principal),93,14784311,,-1509
2026-04-21 07:55:09,1502  012080570720,1502,1,07:20:00,20260421,20878,Vista Alegre,22,14790072,,1388
2026-04-21 07:55:09,713   011080410728,713,0,07:28:00,20260421,20876,Estação São Gabriel,17,14785655,,781
2026-04-21 07:55:09,2662316S307679P072000,703,0,07:20:00,20260421,20875,Estação São Gabriel,34,14786855,,789
2026-04-21 07:55:09,2662459S307679P073600,8001A,0,07:36:00,20260421,20883,BH Shopping,18,14784419,,569
2026-04-21 07:55:09,1502  011080530738,1502,0,07:38:00,20260421,20881,Guarani,12,14786712,,652
2026-04-21 07:55:09,1502  011080530728,1502,0,07:28:00,20260421,20880,Guarani,23,14788352,,441
2026-04-21 07:55:09,2662413S307679P071900,8207,1,07:19:00,20260421,11109,Maria Goretti,34,14784796,,422
2026-04-21 07:55:09,2662418S307679P072500,3501B,0,07:25:00,20260421,11101,Bairro Ipe,21,14788266,,1043
2026-04-21 07:55:09,2661807S307679P071400,719,0,07:14:00,20260421,11105,Jardim Guanabara,35,14785856,,859
2026-04-21 07:55:09,2662068S307679P072900,SC01B,0,07:29:00,20260421,11113,Barro Preto,19,14785739,,562
2026-04-21 07:55:09,2662554S307682P071000,S54,0,07:10:00,20260421,1092,Shopping Del Rey Via Castelo,45,14787357,,-758
2026-04-21 07:55:09,510   011080170725,510,0,07:25:00,20260421,11022,Xangrila,28,14786764,,412
2026-04-21 07:55:09,510   011080170655,510,0,06:55:00,20260421,11028,Xangrila,64,14784215,,83
2026-04-21 07:55:09,2662523S307679P072500,717,0,07:25:00,20260421,11009,Campo Alegre,26,14788866,,497
2026-04-21 07:55:09,2662036S307679P064000,5203,0,06:40:00,20260421,21283,Estrela do Oriente,59,14791273,,913
2026-04-21 07:55:09,2661795S307679P072900,738,0,07:29:00,20260421,11003,Conjunto Zilah Sposito,12,14784745,,988
2026-04-21 07:55:09,4802A 012080660725,4802A,1,07:25:00,20260421,21281,Pindorama,35,14785745,,367
2026-04-21 07:55:09,2662191S307679P073900,8405,1,07:39:00,20260421,11004,Palmares,13,14788548,,453
2026-04-21 07:55:09,2662165S307679P071500,8102,0,07:15:00,20260421,21299,União,24,14784700,,1379
2026-04-21 07:55:09,2662436S307679P074500,735,0,07:45:00,20260421,11012,Estação Vilarinho,5,14784427,,338
2026-04-21 07:55:09,51    011080240655,51,0,06:55:00,20260421,21293,Estação Pampulha,27,14792447,,914
2026-04-21 07:55:09,2662445S307679P074600,51,0,07:46:00,20260421,21292,Estação Pampulha,6,14792178,,-22
2026-04-21 07:55:09,9503  012080410720,9503,1,07:20:00,20260421,20850,Taquaril,31,14790629,,-25
2026-04-21 07:55:09,2662083S307679P070000,8103,0,07:00:00,20260421,20830,Santa Lúcia,39,14790119,,1438
2026-04-21 07:55:09,813   011080110736,813,0,07:36:00,20260421,20831,Estação São Gabriel,2,14785354,,1055
2026-04-21 07:55:09,511   011080050720,511,0,07:20:00,20260421,20846,Estação Ponto São José,18,14790140,,1346
2026-04-21 07:55:09,809   011080200730,809,0,07:30:00,20260421,20814,Estação São Gabriel,27,14787560,,-116
2026-04-21 07:55:09,2662422S307679P073000,9208,1,07:30:00,20260421,20810,Taquaril,18,14787741,,659
2026-04-21 07:55:09,2662422S307679P073000,9208,1,07:30:00,20260421,20809,Taquaril,15,14788379,,551
2026-04-21 07:55:09,734   011080040715,734,0,07:15:00,20260421,20827,Estação São Gabriel,15,14785336,,1746
2026-04-21 07:55:09,2661958S307679P074200,618,0,07:42:00,20260421,11081,Rio Branco,18,14788339,,155
2026-04-21 07:55:09,2662278S307679P073800,712,0,07:38:00,20260421,11084,São Bernardo,21,14788866,,121
2026-04-21 07:55:09,4037  011080080730,4037,0,07:30:00,20260421,11091,Nossa Senhora Da Gloria,29,14789202,,278
2026-04-21 07:55:09,2662413S307679P075100,8207,1,07:51:00,20260421,11096,Maria Goretti,9,14790454,,-38
2026-04-21 07:55:09,8208  012080490710,8208,1,07:10:00,20260421,11095,Santa Cruz,47,14784753,,22
2026-04-21 07:55:09,2662323S307679P073000,718,0,07:30:00,20260421,11098,Planalto,25,15252289,,447
2026-04-21 07:55:09,2969593S307679P073800,5035,0,07:38:00,20260421,41033,Retorno / Centro - Via Pedro II,2,14786759,,1004
2026-04-21 07:55:09,2662471S307679P074000,645,0,07:40:00,20260421,41037,Santa Monica,19,14787261,,80
2026-04-21 07:55:09,2662036S307679P073900,5203,0,07:39:00,20260421,41022,Estrela do Oriente,25,14791074,,-314
2026-04-21 07:55:09,2662142S307679P072000,9805,1,07:20:00,20260421,41021,Santa Efigenia (Principal),26,14785688,,868
2026-04-21 07:55:09,5203  012080040640,5203,1,06:40:00,20260421,41020,Castelo,80,14785076,,-69
2026-04-21 07:55:09,2662507S307679P073500,5033,0,07:35:00,20260421,41024,Santa Terezinha,26,14792891,,-33
2026-04-21 07:55:09,2964965S307679P065900,5035,0,06:59:00,20260421,41028,Hospitais Via Serrano,54,14786241,,252
2026-04-21 07:55:09,2969593S307679P073800,5035,0,07:38:00,20260421,41015,Retorno / Centro - Via Pedro II,15,14786706,,159
2026-04-21 07:55:09,2964965S307679P062900,5035,0,06:29:00,20260421,41012,Hospitais Via Serrano,86,14785313,,369
2026-04-21 07:55:09,2662445S307679P075200,51,0,07:52:00,20260421,10758,Estação Pampulha,2,14787633,,102
2026-04-21 07:55:09,8205  021080290740,8205,0,07:40:00,20260421,41008,Nova Granada (Via Alto Barroca),27,14791941,,21
2026-04-21 07:55:09,S70   011080400620,S70,0,06:20:00,20260421,1130,Shopping Del Rey (Principal),60,14790448,,1592
2026-04-21 07:55:09,2662548S307682P071000,S64,0,07:10:00,20260421,1122,Campo Alegre/Céu Azul Via Venda Nova,42,14789760,,498
2026-04-21 07:55:09,S10   011080220650,S10,0,06:50:00,20260421,1137,Bh Shopping,51,14789022,,-1651
2026-04-21 07:55:09,3124605S307679P065500,9030,0,06:55:00,20260421,10737,Castanheira,55,14789902,,-246
2026-04-21 07:55:09,716   011080270730,716,0,07:30:00,20260421,20990,Estação São Gabriel,31,14784691,,234
2026-04-21 07:55:09,2662266S307679P073500,811,0,07:35:00,20260421,20998,Estação São Gabriel,31,14785418,,-22
2026-04-21 07:55:09,S61   011080420701,S61,0,07:01:00,20260421,1185,Estação Vilarinho,42,14793664,,1260
2026-04-21 07:55:09,S61   011080420653,S61,0,06:53:00,20260421,1197,Estação Vilarinho,57,14787499,,801
2026-04-21 07:55:09,2662107S307679P071600,737,0,07:16:00,20260421,11209,Jaqueline,37,14785623,,675
2026-04-21 07:55:09,739   011080110720,739,0,07:20:00,20260421,11208,Jaqueline,45,14784679,,-94
2026-04-21 07:55:09,3301A 011080290700,3301A,0,07:00:00,20260421,41090,Santa Terezinha,47,14785530,,651
2026-04-21 07:55:09,3503A 031080450750,3503A,0,07:50:00,20260421,41088,São Gabriel (Partidas do Ouro Minas),4,14788722,,177
2026-04-21 07:55:09,2662011S307679P074100,3503A,0,07:41:00,20260421,41087,São Gabriel,19,14786567,,167
2026-04-21 07:55:09,2662009S307679P072800,3503A,1,07:28:00,20260421,41086,Santa Terezinha (Partidas do Ouro Minas),31,14790899,,-110
2026-04-21 07:55:09,2662538S307679P070800,8350,1,07:08:00,20260421,41076,Estação São Gabriel,29,14791010,,159
2026-04-21 07:55:09,2662172S307679P074500,4102,0,07:45:00,20260421,41074,Serra,5,14787245,,478
2026-04-21 07:55:09,2662208S307679P065500,4801A,1,06:55:00,20260421,41078,Jardim Filadelfia (Via Rua Iraci),74,14788725,,-92
2026-04-21 07:55:09,2661816S307679P072000,8107,0,07:20:00,20260421,41071,São Pedro,26,14788879,,851
2026-04-21 07:55:09,2662437S307679P065300,4405,0,06:53:00,20260421,41064,Coqueiros (Atendimento Hospitais e Rua Eneida),65,14785886,,262
2026-04-21 07:55:09,2662010S307679P074000,3503A,1,07:40:00,20260421,41063,Santa Terezinha,15,14790072,,81
2026-04-21 07:55:09,8501  012080530730,8501,1,07:30:00,20260421,41069,Maria Goretti,30,14789308,,126
2026-04-21 07:55:09,2662492S307679P072500,1404A,0,07:25:00,20260421,41053,Alipio De Melo (Principal),43,14793347,,138
2026-04-21 07:55:09,2662432S307679P073000,638,0,07:30:00,20260421,41059,Estação Vilarinho,32,14789596,,93
2026-04-21 07:55:09,2964965S307679P071900,5035,0,07:19:00,20260421,41051,Hospitais Via Serrano,43,14789630,,-87
2026-04-21 07:55:09,2662381S307679P072000,8106,0,07:20:00,20260421,41048,BH Shopping,27,14785748,,764
2026-04-21 07:55:09,9501  012080450715,9501,1,07:15:00,20260421,41049,São Lucas,44,14789977,,-52
2026-04-21 07:55:09,2662458S307679P070800,8350,0,07:08:00,20260421,11182,Estação Barreiro (Direta),11,14789849,,730
2026-04-21 07:55:09,9403  011080480720,9403,0,07:20:00,20260421,11186,Caiçara,36,14789068,,208
2026-04-21 07:55:09,2662362S307679P071500,9501,0,07:15:00,20260421,11188,Jaraguá (Atendimento Ao Novo São Lucas),41,14786502,,219
2026-04-21 07:55:09,9403  012080500730,9403,1,07:30:00,20260421,11189,Paraiso,27,14787462,,110
2026-04-21 07:55:09,2661816S307679P074000,8107,0,07:40:00,20260421,11198,São Pedro,26,14788879,,-348
2026-04-21 07:55:09,9408  011080460740,9408,0,07:40:00,20260421,11174,Padre Eustáquio,15,14787486,,316
2026-04-21 07:55:09,8106  012080550710,8106,1,07:10:00,20260421,11179,Santa Cruz,31,14792479,,671
2026-04-21 07:55:09,2662245S307679P075000,626,0,07:50:00,20260421,11154,Estação Venda Nova (Esplendor/Estacao Venda Nova),6,14787837,,132
2026-04-21 07:55:09,635   021080200715,635,0,07:15:00,20260421,11132,Estação Vilarinho (Principal),43,14784644,,751
2026-04-21 07:55:09,2661879S307679P073200,9104,0,07:32:00,20260421,20949,Luxemburgo,12,14789109,,825
2026-04-21 07:55:09,615   041080040730,615,0,07:30:00,20260421,20967,Ceu Azul (Via Rua Carlos Lacerda),33,14786975,,76
2026-04-21 07:55:09,2661776S307679P074000,808,0,07:40:00,20260421,20948,Estação São Gabriel,20,14786278,,-634
2026-04-21 07:55:09,2662104S307679P074000,806,0,07:40:00,20260421,20945,Estação São Gabriel,21,28001937,,-934
2026-04-21 07:55:09,2662425S307679P071400,814,0,07:14:00,20260421,40537,Estação São Gabriel,30,14784328,,656
2026-04-21 07:55:09,2662445S307679P064700,51,0,06:47:00,20260421,40520,Estação Pampulha,38,14785245,,281
2026-04-21 07:55:09,9106  012080430710,9106,1,07:10:00,20260421,20909,Sagrada Família,29,14785816,,1225
2026-04-21 07:55:09,2662034S307679P074000,9106,0,07:40:00,20260421,20907,Serra,18,14791446,,310
2026-04-21 07:55:09,715   011080440732,715,0,07:32:00,20260421,20926,Estação São Gabriel,2,14789121,,1299
2026-04-21 07:55:09,715   011080440744,715,0,07:44:00,20260421,20924,Estação São Gabriel,6,14793383,,257
2026-04-21 07:55:09,2661930S307679P071500,4501,1,07:15:00,20260421,20920,California II,47,14790043,,-69
2026-04-21 07:55:09,2661957S307679P073000,4801A,1,07:30:00,20260421,41156,Jardim Filadelfia,22,14784176,,377
2026-04-21 07:55:09,S54   021080220720,S54,0,07:20:00,20260421,1213,Shopping Del Rey Via Padre Eustáquio (Principal Via Padre Eustáquio),28,14784110,,580
2026-04-21 07:55:09,2661859S307679P071200,64,0,07:12:00,20260421,41150,Estação Venda Nova (Retorno Avenida Dom Pedro II),35,14791057,,-56
2026-04-21 07:55:09,51    011080240655,51,0,06:55:00,20260421,41123,Estação Pampulha,26,14787449,,1019
2026-04-21 07:55:09,2662013S307679P073000,5106,0,07:30:00,20260421,41118,BH Shopping,27,14785457,,46
2026-04-21 07:55:09,2661841S307679P071000,4111,0,07:10:00,20260421,41107,Anchieta (Atendimento a Escola Guinard),51,14792332,,224
2026-04-21 07:55:09,5104  012080030735,5104,1,07:35:00,20260421,11342,Suzana,8,14786785,,851
2026-04-21 07:55:09,2661890S307679P073000,5104,0,07:30:00,20260421,11356,Cruzeiro,32,14791056,,-164
2026-04-21 07:55:09,2662139S307679P073500,609,0,07:35:00,20260421,11328,Serra Verde,22,14786861,,515
2026-04-21 07:55:09,620   011080160730,620,0,07:30:00,20260421,11327,Santa Monica,25,14788224,,636
2026-04-21 07:55:09,2662462S307679P065900,4034,0,06:59:00,20260421,41187,Novo Dom Bosco (Via Novo Dom Bosco e Conjunto Filadelfia),62,14789034,,337
2026-04-21 07:55:09,2662013S307679P065000,5106,0,06:50:00,20260421,41184,BH Shopping,50,14786280,,595
2026-04-21 07:55:09,2662013S307679P065000,5106,0,06:50:00,20260421,41181,BH Shopping,46,14791018,,761
2026-04-21 07:55:09,2662008S307679P071400,3503A,0,07:14:00,20260421,41176,São Gabriel (Partidas do Ouro Minas),36,14790737,,520
2026-04-21 07:55:09,2662507S307679P071400,5033,0,07:14:00,20260421,41175,Santa Terezinha,40,14784502,,165
2026-04-21 07:55:09,3301A 011080290740,3301A,0,07:40:00,20260421,41173,Santa Terezinha,7,14784812,,652
2026-04-21 07:55:09,2662009S307679P065100,3503A,1,06:51:00,20260421,41178,Santa Terezinha (Partidas do Ouro Minas),55,14789360,,-404
2026-04-21 07:55:09,2662507S307679P064200,5033,0,06:42:00,20260421,41177,Santa Terezinha,64,14788175,,11
2026-04-21 07:55:09,8205  012080400700,8205,1,07:00:00,20260421,41170,Maria Goretti,71,14786647,,-153
2026-04-21 07:55:09,2662484S307679P070800,3054,0,07:08:00,20260421,41165,Bairro Milionarios,53,14785763,,-8
2026-04-21 07:55:09,2662148S307679P072500,4033,0,07:25:00,20260421,41166,Camargos (Via Conjunto Aldeias Da Serra),30,14791527,,614
2026-04-21 07:55:09,2662256S307679P072000,617,0,07:20:00,20260421,11265,Piratininga,42,14788866,,263
2026-04-21 07:55:09,2662256S307679P074000,617,0,07:40:00,20260421,11264,Piratininga,25,14789496,,172
2026-04-21 07:55:09,2662048S307679P074800,707,0,07:48:00,20260421,11270,Estação São Gabriel,3,14792418,,136
2026-04-21 07:55:09,8208  011080530740,8208,0,07:40:00,20260421,11278,Estoril,19,14791726,,250
2026-04-21 07:55:09,641   011080150736,641,0,07:36:00,20260421,11240,Serra Verde,27,15276990,,145
2026-04-21 07:55:09,2662146S307679P072500,643,0,07:25:00,20260421,11242,Copacabana,27,14784698,,622
2026-04-21 07:55:09,623   011080260740,623,0,07:40:00,20260421,11249,Estação Venda Nova,18,14789531,,34
2026-04-21 07:55:09,2662503S307679P073800,636,0,07:38:00,20260421,11250,Estação Vilarinho (Principal),19,14789075,,156
2026-04-21 07:55:09,2662155S307679P073500,1404C,1,07:35:00,20260421,11257,Palmeiras,20,14792451,,446
2026-04-21 07:55:09,3486702S307679P073600,808,1,07:36:00,20260421,10822,Estação São Gabriel,25,14792107,,216
2026-04-21 07:55:09,2964965S307679P073200,5035,0,07:32:00,20260421,40657,Hospitais Via Serrano,5,14787829,,1235
2026-04-21 07:55:09,2662247S307679P065500,5401,0,06:55:00,20260421,40644,Dom Cabral,38,14790064,,926
2026-04-21 07:55:09,2661937S307679P062800,4405,0,06:28:00,20260421,41277,Coqueiros,82,14788260,,1041
2026-04-21 07:55:09,2662209S307679P070500,4801A,0,07:05:00,20260421,41276,Boa Vista (Via Rua Iraci),41,14788144,,922
2026-04-21 07:55:09,2662088S307679P073000,9405,1,07:30:00,20260421,41271,Instituto Agronomico,23,14785816,,147
2026-04-21 07:55:09,2662204S307679P073600,503,0,07:36:00,20260421,41267,Santa Rosa,7,15140096,,771
2026-04-21 07:55:09,2662465S307679P073900,616,0,07:39:00,20260421,10992,Ceu Azul,21,14793286,,224
2026-04-21 07:55:09,2662531S307679P073200,626,0,07:32:00,20260421,10991,Esplendor (Principal),35,15328775,,71
2026-04-21 07:55:09,2662465S307679P071200,616,0,07:12:00,20260421,10994,Ceu Azul,40,14789622,,805
2026-04-21 07:55:09,9415  011080030740,9415,0,07:40:00,20260421,10995,Bonfim,8,14793331,,368
2026-04-21 07:55:09,4802A 012080660651,4802A,1,06:51:00,20260421,41241,Pindorama,74,14788045,,403
2026-04-21 07:55:09,2662352S307679P071500,9412,0,07:15:00,20260421,41243,Padre Eustaquio (Principal),36,14788833,,927
2026-04-21 07:55:09,9412  112080490720,9412,1,07:20:00,20260421,41248,Taquaril (Principal),29,14788548,,864
2026-04-21 07:55:09,2662164S307679P075200,63,0,07:52:00,20260421,30594,Estação Venda Nova,2,14787078,,0
2026-04-21 07:55:09,2662035S307679P073000,5203,1,07:30:00,20260421,41230,Castelo,32,14787341,,38
2026-04-21 07:55:09,9414  011080480740,9414,0,07:40:00,20260421,41224,João Pinheiro,19,14786653,,83
2026-04-21 07:55:09,2662465S307679P064500,616,0,06:45:00,20260421,10989,Ceu Azul,70,14784094,,1125
2026-04-21 07:55:09,3777801S307679P074000,301,0,07:40:00,20260421,30571,Estação Diamante (Rua da Olaria via Centro de Saúde Miramar),2,14788043,,819
2026-04-21 07:55:09,2662014S307679P070500,5106,1,07:05:00,20260421,41210,Bandeirantes,24,14787380,,633
2026-04-21 07:55:09,2662065S307679P073100,634,0,07:31:00,20260421,10951,Jardim Dos Comerciarios,31,14784172,,11
2026-04-21 07:55:09,2662246S307679P065500,5401,1,06:55:00,20260421,41206,São Luiz,57,14792926,,43
2026-04-21 07:55:09,2662014S307679P072500,5106,1,07:25:00,20260421,41204,Bandeirantes,15,14785893,,415
2026-04-21 07:55:09,2662246S307679P073500,5401,1,07:35:00,20260421,41207,São Luiz,15,14791239,,536
2026-04-21 07:55:09,2662048S307679P071900,707,0,07:19:00,20260421,11461,Estação São Gabriel,34,14784174,,516
2026-04-21 07:55:09,9404  011080390730,9404,0,07:30:00,20260421,11460,Nova Esperança,10,14792641,,1183
2026-04-21 07:55:09,3052  011080480738,3052,0,07:38:00,20260421,31072,Estação Diamante,7,14791385,,664
2026-04-21 07:55:09,4201  012080400730,4201,1,07:30:00,20260421,31071,Alto Caicara,29,14793209,,-159
2026-04-21 07:55:09,3052  011080480648,3052,0,06:48:00,20260421,31076,Estação Diamante,82,14791455,,-503
2026-04-21 07:55:09,3052  011080480658,3052,0,06:58:00,20260421,31075,Estação Diamante,68,14787935,,-308
2026-04-21 07:55:09,2662322S307679P075100,64,0,07:51:00,20260421,11469,Estação Venda Nova,2,14787078,,192
2026-04-21 07:55:09,8501  011080490710,8501,0,07:10:00,20260421,11472,Engenho Nogueira,34,14790384,,659
2026-04-21 07:55:09,2662065S307679P072200,634,0,07:22:00,20260421,11474,Jardim Dos Comerciarios,29,15282968,,728
2026-04-21 07:55:09,2661889S307679P063800,3302A,0,06:38:00,20260421,11473,Nova Pampulha (Via Hospitais),66,14791438,,-462
2026-04-21 07:55:09,2662065S307679P074900,634,0,07:49:00,20260421,11477,Jardim Dos Comerciarios,13,14789874,,-31
2026-04-21 07:55:09,2662155S307679P065500,1404C,1,06:55:00,20260421,11479,Palmeiras,51,14791273,,1011
2026-04-21 07:55:09,2662164S307679P073100,63,0,07:31:00,20260421,11448,Estação Venda Nova,15,14791959,,55
2026-04-21 07:55:09,2662374S307679P072100,614,0,07:21:00,20260421,11442,Ceu Azul,32,14787948,,545
2026-04-21 07:55:09,2661914S307679P074700,62,0,07:47:00,20260421,11447,Estação Venda Nova (Direta),6,14790182,,64
2026-04-21 07:55:09,2035  011080070740,2035,0,07:40:00,20260421,31040,Bairro Das Industrias-4A Secao,29,14788423,,-637
2026-04-21 07:55:09,2662094S307679P071900,736,0,07:19:00,20260421,11452,Estação Vilarinho,24,15276971,,1022
2026-04-21 07:55:09,8106  012080550710,8106,1,07:10:00,20260421,11457,Santa Cruz,29,14792822,,962
2026-04-21 07:55:09,3052  011080480648,3052,0,06:48:00,20260421,31035,Estação Diamante,80,14788847,,-441
2026-04-21 07:55:09,2662322S307679P072500,64,0,07:25:00,20260421,11422,Estação Venda Nova,23,14791094,,97
2026-04-21 07:55:09,9209  011080400740,9209,0,07:40:00,20260421,31039,Gutierrez,22,14790591,,-347
2026-04-21 07:55:09,328   011080460700,328,0,07:00:00,20260421,31021,Estação Barreiro,78,15140071,,340
2026-04-21 07:55:09,328   011080460720,328,0,07:20:00,20260421,31020,Estação Barreiro,34,14789706,,753
2026-04-21 07:55:09,2661859S307679P073900,64,0,07:39:00,20260421,11430,Estação Venda Nova (Retorno Avenida Dom Pedro II),12,14787630,,44
2026-04-21 07:55:09,3052  011080480706,3052,0,07:06:00,20260421,31029,Estação Diamante,43,14792709,,545
2026-04-21 07:55:09,3501A 122080180740,3501A,1,07:40:00,20260421,31013,Jardim Alvorada (Via Fernao Dias),15,14784770,,308
2026-04-21 07:55:09,2662459S307679P070600,8001A,0,07:06:00,20260421,31010,BH Shopping,48,14786153,,509
2026-04-21 07:55:09,9411  012080280700,9411,1,07:00:00,20260421,31017,Casa Branca,59,14792610,,77
2026-04-21 07:55:09,2661937S307679P073900,4405,0,07:39:00,20260421,41280,Coqueiros,11,14786882,,576
2026-04-21 07:55:09,2661937S307679P071900,4405,0,07:19:00,20260421,40747,Coqueiros,46,14784495,,325
2026-04-21 07:55:09,2662190S307679P073900,8405,0,07:39:00,20260421,40739,Bela Vista,15,14793102,,392
2026-04-21 07:55:09,2662190S307679P071900,8405,0,07:19:00,20260421,40735,Bela Vista,51,14789748,,-271
2026-04-21 07:55:09,2662330S307679P073000,304,0,07:30:00,20260421,11383,Estação Diamante,2,14790213,,1383
2026-04-21 07:55:09,2662445S307679P072300,51,0,07:23:00,20260421,11391,Estação Pampulha,18,14793331,,91
2026-04-21 07:55:09,2662445S307679P063800,51,0,06:38:00,20260421,11392,Estação Pampulha,39,14791948,,766
2026-04-21 07:55:09,2662227S307679P074400,3250,0,07:44:00,20260421,11395,Estação Diamante,3,14785808,,468
2026-04-21 07:55:09,5250  012080200735,5250,1,07:35:00,20260421,11394,Estação Pampulha,13,14785572,,394
2026-04-21 07:55:09,2662164S307679P073100,63,0,07:31:00,20260421,11399,Estação Venda Nova,14,14784645,,298
2026-04-21 07:55:09,2661888S307679P073900,5201,0,07:39:00,20260421,11398,Buritis (Principal),23,14789019,,157
2026-04-21 07:55:09,633   011080300740,633,0,07:40:00,20260421,11360,Estação Vilarinho,21,14787683,,98
2026-04-21 07:55:09,4106  011080340715,4106,0,07:15:00,20260421,11364,São Cristovao,32,14788920,,588
2026-04-21 07:55:09,3302A 031080540631,3302A,0,06:31:00,20260421,11366,Nova Pampulha (Via Hospitais),81,14788601,,-811
2026-04-21 07:55:09,3302A 031080540711,3302A,0,07:11:00,20260421,11368,Nova Pampulha (Via Hospitais),43,14791890,,-16
2026-04-21 07:55:09,3302A 031080540743,3302A,0,07:43:00,20260421,11369,Nova Pampulha (Via Hospitais),13,14790083,,82
2026-04-21 07:55:09,2948154S307679P063000,5034,0,06:30:00,20260421,11371,Centro Via Confisco,73,14791388,,856
2026-04-21 07:55:09,2948154S307679P070000,5034,0,07:00:00,20260421,11375,Centro Via Confisco,37,14789630,,1218
2026-04-21 07:55:09,337   011080080740,337,0,07:40:00,20260421,11378,Estação Barreiro,8,14790196,,620
2026-04-21 07:55:09,2662154S307679P073000,1404C,0,07:30:00,20260421,10926,São Salvador,17,14788762,,947
2026-04-21 07:55:09,2662202S307679P073200,4107,1,07:32:00,20260421,40786,Alto Caicara,17,14789899,,755
2026-04-21 07:55:09,9105  011080600730,9105,0,07:30:00,20260421,40767,Sion,33,14785745,,77
2026-04-21 07:55:09,2661946S307679P073400,9407,0,07:34:00,20260421,40750,Dom Bosco (Atendimento a Rua Osmário Soares),14,14791705,,734
2026-04-21 07:55:09,2661795S307679P065900,738,0,06:59:00,20260421,11504,Conjunto Zilah Sposito,38,14790550,,1357
2026-04-21 07:55:09,2662417S307679P072000,3501B,1,07:20:00,20260421,11508,Ouro Preto 3A Gleba,20,14789796,,591
2026-04-21 07:55:09,2662414S307679P072800,8207,0,07:28:00,20260421,11509,Estrela Dalva,35,14792897,,-57
2026-04-21 07:55:09,625   011080330720,625,0,07:20:00,20260421,11500,Estação Venda Nova,25,14785326,,749
2026-04-21 07:55:09,2662295S307679P074100,2101,0,07:41:00,20260421,31119,Sion,21,14784948,,86
2026-04-21 07:55:09,2661827S307679P071700,9502,0,07:17:00,20260421,11515,São Francisco (Atendimento A UFMG),31,14785745,,965
2026-04-21 07:55:09,9404  012080430730,9404,1,07:30:00,20260421,11517,São Lucas,17,14788132,,936
2026-04-21 07:55:09,2661888S307679P065900,5201,0,06:59:00,20260421,11519,Buritis (Principal),44,14789006,,820
2026-04-21 07:55:09,2662168S307679P071000,9402,1,07:10:00,20260421,11518,Santa Ines,35,14785799,,1016
2026-04-21 07:55:09,706   011080210720,706,0,07:20:00,20260421,11511,Estação São Gabriel,2,14787452,,1566
2026-04-21 07:55:09,2662381S307679P072000,8106,0,07:20:00,20260421,11510,BH Shopping,40,14787056,,-223
2026-04-21 07:55:09,308   011080290730,308,0,07:30:00,20260421,30690,Estação Barreiro,39,14791958,,-194
2026-04-21 07:55:09,331   011080240720,331,0,07:20:00,20260421,30692,Estação Barreiro,29,14793310,,750
2026-04-21 07:55:09,2662401S307679P074800,330,0,07:48:00,20260421,30686,Estação Barreiro,7,14789040,,137
2026-04-21 07:55:09,303   031080140730,303,0,07:30:00,20260421,31191,Estação Diamante (Via Area Industrial),2,14792016,,1393
2026-04-21 07:55:09,2661824S307679P073000,2151,0,07:30:00,20260421,31186,Serra,23,14793347,,281
2026-04-21 07:55:09,2661775S307679P073000,608,0,07:30:00,20260421,11562,Venda Nova,6,14786606,,1284
2026-04-21 07:55:09,2661775S307679P065000,608,0,06:50:00,20260421,11563,Venda Nova,54,14790194,,1374
2026-04-21 07:55:09,310   011080210730,310,0,07:30:00,20260421,31160,Estação Diamante,2,14790213,,1406
2026-04-21 07:55:09,2662430S307679P071200,3055,0,07:12:00,20260421,31169,Estação Barreiro,26,14792399,,-13
2026-04-21 07:55:09,2662327S307679P070000,6350,1,07:00:00,20260421,20498,Estação Vilarinho,52,14788317,,-1429
2026-04-21 07:55:09,2662328S307679P070200,6350,0,07:02:00,20260421,20496,Estação Barreiro,43,14784491,,-675
2026-04-21 07:55:09,8208  011080530700,8208,0,07:00:00,20260421,31146,Estoril,33,14791273,,1766
2026-04-21 07:55:09,2661775S307679P062000,608,0,06:20:00,20260421,11558,Venda Nova,114,15276989,,525
2026-04-21 07:55:09,8208  012080490730,8208,1,07:30:00,20260421,31147,Santa Cruz,14,14786742,,660
2026-04-21 07:55:09,4999825S307679P072500,314,0,07:25:00,20260421,31142,Estação Diamante (Atendimento C.S. Diamante/Teixeira Dias),43,14789218,,-394
2026-04-21 07:55:09,609   011080360700,609,0,07:00:00,20260421,11526,Serra Verde,65,14787515,,610
2026-04-21 07:55:09,2662335S307679P071000,619,0,07:10:00,20260421,11525,Santa Monica,30,14791600,,1280
2026-04-21 07:55:09,2662414S307679P070900,8207,0,07:09:00,20260421,31137,Estrela Dalva,44,14785444,,15
2026-04-21 07:55:09,2662406S307679P072500,4150,1,07:25:00,20260421,31136,Shopping Del Rey,18,14793006,,717
2026-04-21 07:55:09,644   011080180720,644,0,07:20:00,20260421,31131,São Joao Batista,32,15252285,,775
2026-04-21 07:55:09,2662467S307679P073000,336,0,07:30:00,20260421,31125,Vila Bernadete,17,14788402,,963
2026-04-21 07:55:09,2661958S307679P072000,618,0,07:20:00,20260421,11538,Rio Branco,43,14787068,,172
2026-04-21 07:55:09,607   011080810736,607,0,07:36:00,20260421,31127,Esplendor,2,14784189,,1094
2026-04-21 07:55:09,3387381S307679P071500,4110,0,07:15:00,20260421,11535,Belvedere (Atendimento Casa de Maria),45,14788182,,560
2026-04-21 07:55:09,2661885S307679P074900,9205,0,07:49:00,20260421,40865,Nova Cintra (Atendimento ao Bairro Patrocínio),4,14793326,,253
2026-04-21 07:55:09,9104  012080520740,9104,1,07:40:00,20260421,40863,Sagrada Familia,20,14786319,,-42
2026-04-21 07:55:09,2662203S307679P074000,4107,0,07:40:00,20260421,40866,Serra,17,14790346,,349
2026-04-21 07:55:09,901   011080520700,901,0,07:00:00,20260421,40857,Circular Leste,64,14792479,,215
2026-04-21 07:55:09,9210  012080290740,9210,1,07:40:00,20260421,40849,Santa Teresa,12,14787864,,513
2026-04-21 07:55:09,2662459S307679P070600,8001A,0,07:06:00,20260421,40848,BH Shopping,57,14789772,,-204
2026-04-21 07:55:09,2662152S307679P071000,9205,1,07:10:00,20260421,40847,Nova Vista,51,14788047,,127
2026-04-21 07:55:09,2662374S307679P074200,614,0,07:42:00,20260421,11483,Ceu Azul,17,14789719,,191
2026-04-21 07:55:09,2662492S307679P070500,1404A,0,07:05:00,20260421,31095,Alipio De Melo (Principal),61,14790802,,94
2026-04-21 07:55:09,2661889S307679P061700,3302A,0,06:17:00,20260421,11485,Nova Pampulha (Via Hospitais),86,14792331,,-457
2026-04-21 07:55:09,637   041080120750,637,0,07:50:00,20260421,11487,Estação Vilarinho (Estacao Vilarinho/Canaa Via MG),2,14791608,,285
2026-04-21 07:55:09,51    011080240703,51,0,07:03:00,20260421,11489,Estação Pampulha,26,14787449,,508
2026-04-21 07:55:09,2661774S307679P073200,627,0,07:32:00,20260421,11488,Estação Venda Nova (Principal),28,14792917,,209
2026-04-21 07:55:09,2662445S307679P073900,51,0,07:39:00,20260421,11492,Estação Pampulha,7,14785449,,270
2026-04-21 07:55:09,2661969S307679P073500,4113,0,07:35:00,20260421,31082,Belvedere,14,14791890,,542
2026-04-21 07:55:09,3052  011080480706,3052,0,07:06:00,20260421,31080,Estação Diamante,25,14787911,,1524
2026-04-21 07:55:09,2662294S307679P070900,2101,1,07:09:00,20260421,31089,Grajau,20,14790051,,1675
2026-04-21 07:55:09,3302A 031080540725,3302A,0,07:25:00,20260421,11498,Nova Pampulha (Via Hospitais),28,14791041,,364
2026-04-21 07:55:09,2661826S307679P071500,9502,1,07:15:00,20260421,11497,São Geraldo (Atendimento A UFMG),45,14788865,,-132
2026-04-21 07:55:09,637   041080120750,637,0,07:50:00,20260421,11499,Estação Vilarinho (Estacao Vilarinho/Canaa Via MG),18,14790465,,-906
2026-04-21 07:55:09,901   011080520730,901,0,07:30:00,20260421,30618,Circular Leste,32,14784342,,188
2026-04-21 07:55:09,2662462S307679P074600,4034,0,07:46:00,20260421,40890,Novo Dom Bosco (Via Novo Dom Bosco e Conjunto Filadelfia),8,14784639,,331
2026-04-21 07:55:09,3607738S307679P074500,8203,0,07:45:00,20260421,40895,Buritis (Via Rua Borborema),5,14785801,,479
2026-04-21 07:55:09,2662462S307679P071100,4034,0,07:11:00,20260421,40889,Novo Dom Bosco (Via Novo Dom Bosco e Conjunto Filadelfia),53,14786338,,311
2026-04-21 07:55:09,2821390S307679P065700,332,0,06:57:00,20260421,31230,Estação Barreiro,62,14792004,,401
2026-04-21 07:55:09,2662301S307679P074000,33,0,07:40:00,20260421,31237,Estação Barreiro,12,14792042,,-229
2026-04-21 07:55:09,335   011080140720,335,0,07:20:00,20260421,31229,Estação Barreiro,31,14792485,,822
2026-04-21 07:55:09,2662484S307679P074000,3054,0,07:40:00,20260421,31219,Bairro Milionarios,20,14787298,,286
2026-04-21 07:55:09,3052  011080480730,3052,0,07:30:00,20260421,31209,Estação Diamante,17,14787903,,465
2026-04-21 07:55:09,2662502S307679P073400,83P,0,07:34:00,20260421,20525,Estação São Gabriel,10,14790982,,375
2026-04-21 07:55:09,2662220S307679P074000,832,0,07:40:00,20260421,21027,Capitão Eduardo (Via Rua dos Moreiras/Mangueiras),19,14785450,,-1003
2026-04-21 07:55:09,2661986S307679P062400,901,0,06:24:00,20260421,21032,Circular Leste,117,14787471,,79
2026-04-21 07:55:09,9210  011080340720,9210,0,07:20:00,20260421,21003,Prado,13,14791707,,1114
2026-04-21 07:55:09,2661885S307679P065000,9205,0,06:50:00,20260421,21007,Nova Cintra (Atendimento ao Bairro Patrocínio),61,14790926,,600
2026-04-21 07:55:09,9411  011080290740,9411,0,07:40:00,20260421,21017,São José,22,14792208,,250
2026-04-21 07:55:09,807   011080330743,807,0,07:43:00,20260421,21016,Estação São Gabriel,8,14790102,,98
2026-04-21 07:55:09,2662251S307679P071500,321,0,07:15:00,20260421,31288,Olhos dagua (Via Setor Industrial),9,14788609,,1636
2026-04-21 07:55:09,2662522S307679P061600,3030,0,06:16:00,20260421,31275,Pilar-Olhos D Agua,59,14787691,,445
2026-04-21 07:55:09,2662491S307679P071500,1404A,1,07:15:00,20260421,31261,Palmeiras (Principal),40,14789630,,526
2026-04-21 07:55:09,2661951S307679P071000,318,0,07:10:00,20260421,31249,Estação Barreiro (Principal),59,14792441,,224
2026-04-21 07:55:09,2661777S307679P074800,309,0,07:48:00,20260421,31248,Estação Diamante (Principal),2,14792016,,377
2026-04-21 07:55:09,2662256S307679P070400,617,0,07:04:00,20260421,40980,Piratininga,60,14788015,,377
2026-04-21 07:55:09,2662484S307679P073200,3054,0,07:32:00,20260421,40984,Bairro Milionarios,27,14784384,,331
2026-04-21 07:55:09,2662102S307679P072000,2102,1,07:20:00,20260421,40975,Gameleira,20,14786394,,1017
2026-04-21 07:55:09,2661947S307679P071500,9407,1,07:15:00,20260421,40973,Alto Vera Cruz (Atendimento a Rua Osmário Soares),35,14791464,,422
2026-04-21 07:55:09,208   011080040740,208,0,07:40:00,20260421,40976,Estação Barreiro,16,14787895,,98
2026-04-21 07:55:09,2662378S307679P071500,8203,1,07:15:00,20260421,40960,Renascença (Via Rua Borborema),46,14789967,,144
2026-04-21 07:55:09,2964965S307679P064800,5035,0,06:48:00,20260421,40963,Hospitais Via Serrano,59,14785301,,433
2026-04-21 07:55:09,2661946S307679P071100,9407,0,07:11:00,20260421,40965,Dom Bosco (Atendimento a Rua Osmário Soares),36,14788706,,892
2026-04-21 07:55:09,2662204S307679P065800,503,0,06:58:00,20260421,40952,Santa Rosa,47,14791760,,50
2026-04-21 07:55:09,2662426S307679P065000,9801,0,06:50:00,20260421,40957,Santa Cruz,58,14792808,,1340
2026-04-21 07:55:09,9801  012080520740,9801,1,07:40:00,20260421,40949,Saudade,17,14790799,,232
2026-04-21 07:55:09,2662011S307679P064800,3503A,0,06:48:00,20260421,40947,São Gabriel,52,14791702,,484
2026-04-21 07:55:09,2661850S307679P064000,4032,0,06:40:00,20260421,40945,Caiçara,67,14792895,,696
2026-04-21 07:55:09,9408  012080470740,9408,1,07:40:00,20260421,40937,Santa Efigenia,14,14792921,,365
2026-04-21 07:55:09,2661850S307679P074000,4032,0,07:40:00,20260421,40928,Caiçara,5,14792435,,422
2026-04-21 07:55:09,2661850S307679P071000,4032,0,07:10:00,20260421,40926,Caiçara,37,14792789,,611
2026-04-21 07:55:09,4972019S307679P072500,4108,0,07:25:00,20260421,40925,Estação Ponto São Jose (Via AMR),28,14788404,,-88
2026-04-21 07:55:09,2662378S307679P074500,8203,1,07:45:00,20260421,40924,Renascença (Via Rua Borborema),6,14787549,,326
2026-04-21 07:55:09,2662010S307679P070200,3503A,1,07:02:00,20260421,40923,Santa Terezinha,33,14788414,,396
2026-04-21 07:55:09,9801  011080510730,9801,0,07:30:00,20260421,40922,Santa Cruz,21,14785322,,815
2026-04-21 07:55:09,4972019S307679P072500,4108,0,07:25:00,20260421,40919,Estação Ponto São Jose (Via AMR),16,14793398,,729
2026-04-21 07:55:09,607   011080810718,607,0,07:18:00,20260421,40912,Esplendor,22,14785510,,1189
2026-04-21 07:55:09,3607738S307679P070000,8203,0,07:00:00,20260421,40911,Buritis (Via Rua Borborema),31,14789689,,1728
2026-04-21 07:55:09,327   011080400730,327,0,07:30:00,20260421,30769,Estação Barreiro,5,14793433,,1242
2026-04-21 07:55:09,2662244S307679P070100,30,0,07:01:00,20260421,30767,Estação Diamante,7,14784491,,111
2026-04-21 07:55:09,901   011080520700,901,0,07:00:00,20260421,30720,Circular Leste,118,14789840,,-2161
2026-04-21 07:55:09,2661764S307679P073800,4205,0,07:38:00,20260421,40993,Salgado Filho,5,14785499,,924
2026-04-21 07:55:09,9208  011080600740,9208,0,07:40:00,20260421,40990,Santa Maria,4,14787539,,776
2026-04-21 07:55:09,504   011080300720,504,0,07:20:00,20260421,40998,Santa Rosa,41,14788593,,-34
2026-04-21 07:55:09,711   011080440715,711,0,07:15:00,20260421,20698,Estação São Gabriel,47,14789033,,525
2026-04-21 07:55:09,2662405S307679P073600,4150,0,07:36:00,20260421,31354,BH Shopping,3,14789609,,968
2026-04-21 07:55:09,1502  012080570740,1502,1,07:40:00,20260421,31357,Vista Alegre,2,14786008,,890
2026-04-21 07:55:09,1502  012080570650,1502,1,06:50:00,20260421,31356,Vista Alegre,48,14790064,,1593
2026-04-21 07:55:09,2661887S307679P073900,5201,1,07:39:00,20260421,31349,Dona Clara (Principal),14,14786809,,295
2026-04-21 07:55:09,813   011080110724,813,0,07:24:00,20260421,20678,Estação São Gabriel,35,14788231,,341
2026-04-21 07:55:09,2662328S307679P074200,6350,0,07:42:00,20260421,31333,Estação Barreiro,10,14784645,,-25
2026-04-21 07:55:09,2662328S307679P074200,6350,0,07:42:00,20260421,31332,Estação Barreiro,14,14787378,,-532
2026-04-21 07:55:09,2662522S307679P072500,3030,0,07:25:00,20260421,31338,Pilar-Olhos D Agua,18,14792955,,82
2026-04-21 07:55:09,2662502S307679P073400,83P,0,07:34:00,20260421,31320,Estação São Gabriel,2,14786918,,1207
2026-04-21 07:55:09,2662405S307679P065600,4150,0,06:56:00,20260421,31329,BH Shopping,46,14786928,,1263
2026-04-21 07:55:09,2662511S307679P071900,9206,0,07:19:00,20260421,31327,Buritis,35,14784965,,505
2026-04-21 07:55:09,4110  012080920720,4110,1,07:20:00,20260421,31310,Dom Cabral,32,14787110,,319
2026-04-21 07:55:09,2662486S307679P074000,2104,1,07:40:00,20260421,31312,Nova Gameleira,6,14788491,,30
2026-04-21 07:55:09,2662502S307679P073400,83P,0,07:34:00,20260421,31317,Estação São Gabriel,2,14786918,,1117
2026-04-21 07:55:09,5250  041080160742,5250,0,07:42:00,20260421,31316,Estação Pampulha (Direta/Retorno Cefet I),2,14791785,,-12
2026-04-21 07:55:09,107   011080100730,107,0,07:30:00,20260421,20648,Vila Marçola,20,14788843,,936
2026-04-21 07:55:09,2662083S307679P073600,8103,0,07:36:00,20260421,21145,Santa Lúcia,24,14785748,,278
2026-04-21 07:55:09,2662029S307679P071500,8108,0,07:15:00,20260421,21158,Cidade Nova,49,14791064,,-143
2026-04-21 07:55:09,2662034S307679P072500,9106,0,07:25:00,20260421,21153,Serra,38,14790815,,-41
2026-04-21 07:55:09,2662496S307679P073000,822,0,07:30:00,20260421,21125,Estação Jose Candido,32,14790970,,278
2026-04-21 07:55:09,2662128S307679P072000,825,0,07:20:00,20260421,21138,Estação São Gabriel,24,14786952,,567
2026-04-21 07:55:09,2661787S307679P071000,9250,0,07:10:00,20260421,21137,Nova Cintra (Principal),57,14791401,,8
2026-04-21 07:55:09,705   011080250705,705,0,07:05:00,20260421,21132,Estação São Gabriel,32,14792417,,1436
2026-04-21 07:55:09,2662493S307679P072500,30,0,07:25:00,20260421,31390,Estação Diamante (Paradora),9,14792004,,1308
2026-04-21 07:55:09,837   011080140735,837,0,07:35:00,20260421,21106,Estação São Gabriel,24,14790417,,-183
2026-04-21 07:55:09,2662430S307679P064800,3055,0,06:48:00,20260421,31395,Estação Barreiro,40,14791883,,287
2026-04-21 07:55:09,8103  012080480730,8103,1,07:30:00,20260421,21113,Nova Floresta,15,14786611,,732
2026-04-21 07:55:09,5250  041080160706,5250,0,07:06:00,20260421,31370,Estação Pampulha (Direta/Retorno Cefet I),5,14789689,,1074
2026-04-21 07:55:09,2662301S307679P070100,33,0,07:01:00,20260421,31372,Estação Barreiro,36,14788017,,209
2026-04-21 07:55:09,2662301S307679P064400,33,0,06:44:00,20260421,31374,Estação Barreiro,42,14791275,,779
2026-04-21 07:55:09,6350  012080170720,6350,1,07:20:00,20260421,31362,Estação Vilarinho,18,14784177,,504
2026-04-21 07:55:09,1502  011080530728,1502,0,07:28:00,20260421,31369,Guarani,29,14787700,,67
2026-04-21 07:55:09,2661780S307679P063000,341,0,06:30:00,20260421,30824,Estação Barreiro,91,14789274,,262
2026-04-21 07:55:09,2662387S307679P070000,342,0,07:00:00,20260421,30823,Estação Barreiro,64,14790213,,684
2026-04-21 07:55:09,2661951S307679P074000,318,0,07:40:00,20260421,30815,Estação Barreiro (Principal),10,14784492,,225
2026-04-21 07:55:09,9205  011080630700,9205,0,07:00:00,20260421,21081,Nova Cintra,35,14790064,,1353
2026-04-21 07:55:09,2662177S307679P074000,814,0,07:40:00,20260421,21096,Estação São Gabriel (Via Rua Henriqueta Lisboa),20,14786956,,-338
2026-04-21 07:55:09,2662044S307679P072000,823,0,07:20:00,20260421,21065,Estação São Gabriel,49,14786916,,-176
2026-04-21 07:55:09,2662266S307679P073500,811,0,07:35:00,20260421,21071,Estação São Gabriel,2,14784845,,1118
2026-04-21 07:55:09,8001A 012080540720,8001A,1,07:20:00,20260421,21044,Santa Inês,17,14792321,,668
2026-04-21 07:55:09,2662404S307679P072500,810,0,07:25:00,20260421,21042,Estação São Gabriel,26,14785339,,817
2026-04-21 07:55:09,2661758S307679P073000,9211,0,07:30:00,20260421,21052,Havai,20,14790458,,834
2026-04-21 07:55:09,305   041080350735,305,0,07:35:00,20260421,30878,Estação Diamante (Estacao Diamante/Avenida Solferina Ricci),2,14790213,,1165
2026-04-21 07:55:09,325   011080280740,325,0,07:40:00,20260421,30857,Barreiro,13,14789039,,180
2026-04-21 07:55:09,2661780S307679P073000,341,0,07:30:00,20260421,30829,Estação Barreiro,24,14790010,,188
2026-04-21 07:55:09,S61   011080420741,S61,0,07:41:00,20260421,907,Estação Vilarinho,2,14784363,,730
2026-04-21 07:55:09,S63   011080400742,S63,0,07:42:00,20260421,908,Campo Alegre/Céu Azul Via Rio Branco,10,14793601,,339
2026-04-21 07:55:09,2662428S307679P075000,9410,1,07:50:00,20260421,31476,Sagrada Familia,8,14786528,,4
2026-04-21 07:55:09,3387381S307679P073000,4110,0,07:30:00,20260421,31478,Belvedere (Atendimento Casa de Maria),22,14792773,,778
2026-04-21 07:55:09,2662428S307679P073000,9410,1,07:30:00,20260421,31472,Sagrada Familia,20,14788548,,578
2026-04-21 07:55:09,2662548S307682P075000,S64,0,07:50:00,20260421,916,Campo Alegre/Céu Azul Via Venda Nova,5,14788575,,-87
2026-04-21 07:55:09,2661787S307679P073800,9250,0,07:38:00,20260421,31463,Nova Cintra (Principal),19,14793085,,357
2026-04-21 07:55:09,2662072S307679P065600,9032,0,06:56:00,20260421,20790,Granja De Freitas,56,14785695,,267
2026-04-21 07:55:09,2662445S307679P074600,51,0,07:46:00,20260421,31452,Estação Pampulha,7,14785449,,-127
2026-04-21 07:55:09,2662485S307679P074000,2104,0,07:40:00,20260421,31459,BH Shopping,17,14785109,,51
2026-04-21 07:55:09,1502  012080570710,1502,1,07:10:00,20260421,31436,Vista Alegre,41,14785745,,961
2026-04-21 07:55:09,1502  011080530728,1502,0,07:28:00,20260421,31435,Guarani,29,14787700,,97
2026-04-21 07:55:09,305   011080580725,305,0,07:25:00,20260421,31420,Estação Diamante,33,14788157,,411
2026-04-21 07:55:09,2662227S307679P064800,3250,0,06:48:00,20260421,31423,Estação Diamante,64,14792202,,623
2026-04-21 07:55:09,2662430S307679P064800,3055,0,06:48:00,20260421,31429,Estação Barreiro,53,14785219,,-820
2026-04-21 07:55:09,35    011080320745,35,0,07:45:00,20260421,31425,Estação Barreiro,6,14786894,,0
2026-04-21 07:55:09,2662401S307679P072400,330,0,07:24:00,20260421,31424,Estação Barreiro,27,14784937,,608
2026-04-21 07:55:09,329   011080290730,329,0,07:30:00,20260421,31427,Estação Barreiro,26,14787524,,217
2026-04-21 07:55:09,2662225S307679P072500,340,0,07:25:00,20260421,31426,Estação Barreiro,36,14789985,,362
2026-04-21 07:55:09,2662401S307679P070000,330,0,07:00:00,20260421,31418,Estação Barreiro,53,14793310,,412
2026-04-21 07:55:09,2662430S307679P073600,3055,0,07:36:00,20260421,31417,Estação Barreiro,12,14788332,,478
2026-04-21 07:55:09,2661777S307679P073800,309,0,07:38:00,20260421,31419,Estação Diamante (Principal),20,14792317,,143
2026-04-21 07:55:09,35    011080320715,35,0,07:15:00,20260421,31413,Estação Barreiro,29,14792877,,0
2026-04-21 07:55:09,2662227S307679P070400,3250,0,07:04:00,20260421,31416,Estação Diamante,30,14788644,,1201
2026-04-21 07:55:09,35    011080320715,35,0,07:15:00,20260421,31415,Estação Barreiro,6,14786894,,171
2026-04-21 07:55:09,S70   011080400730,S70,0,07:30:00,20260421,986,Shopping Del Rey (Principal),23,14784832,,347
2026-04-21 07:55:09,2662470S307679P071900,1145,0,07:19:00,20260421,31406,Bairro Das Industrias,25,14789965,,481
2026-04-21 07:55:09,S63   011080400652,S63,0,06:52:00,20260421,989,Campo Alegre/Céu Azul Via Rio Branco,65,14788826,,871
2026-04-21 07:55:09,2662414S307679P064700,8207,0,06:47:00,20260421,31408,Estrela Dalva,54,14790643,,723
2026-04-21 07:55:09,2662486S307679P072000,2104,1,07:20:00,20260421,31405,Nova Gameleira,21,14792941,,139
2026-04-21 07:55:09,2662512S307679P071900,9206,1,07:19:00,20260421,31404,Vera Cruz,25,14792324,,1100
2026-04-21 07:55:09,S65   011080310740,S65,0,07:40:00,20260421,995,Minas Caixa,25,14793708,,-264
2026-04-21 07:55:09,2662022S307679P071900,1505,1,07:19:00,20260421,21261,Alto dos Pinheiros (Via Conjunto Felicidade),33,14791590,,402
2026-04-21 07:55:09,4802A 011080720700,4802A,0,07:00:00,20260421,21278,Boa Vista,50,14785267,,1058
2026-04-21 07:55:09,4802A 011080720720,4802A,0,07:20:00,20260421,21277,Boa Vista,35,14784856,,780
2026-04-21 07:55:09,2662231S307679P073600,4103,0,07:36:00,20260421,21273,Aparecida (Via Amr),22,14791056,,133
2026-04-21 07:55:09,2662502S307679P073400,83P,0,07:34:00,20260421,21271,Estação São Gabriel,11,14792452,,266
2026-04-21 07:55:09,2662169S307679P072400,9101,0,07:24:00,20260421,21246,Alto Vera Cruz,30,14787737,,489
2026-04-21 07:55:09,2662072S307679P072500,9032,0,07:25:00,20260421,21241,Granja De Freitas,22,14788865,,559
2026-04-21 07:55:09,2661970S307679P070300,9202,0,07:03:00,20260421,21240,Pompeia (Via Praça Alberto Teixeira Dos Santos),35,14791273,,1405
2026-04-21 07:55:09,2662268S307679P073000,1505,0,07:30:00,20260421,21259,Tupi,22,14790847,,341
2026-04-21 07:55:09,2661907S307679P071500,9503,0,07:15:00,20260421,21258,Jaraguá,48,14790644,,-83
2026-04-21 07:55:09,9101  011080650748,9101,0,07:48:00,20260421,21256,Alto Vera Cruz,4,14784342,,341
2026-04-21 07:55:09,2662268S307679P074400,1505,0,07:44:00,20260421,21254,Tupi,5,14785021,,491
2026-04-21 07:55:09,2662327S307679P075000,6350,1,07:50:00,20260421,21225,Estação Vilarinho,2,14784438,,283
2026-04-21 07:55:09,2662328S307679P074200,6350,0,07:42:00,20260421,21227,Estação Barreiro,9,14787630,,-23
2026-04-21 07:55:09,2662450S307679P073900,9202,0,07:39:00,20260421,21237,Pompeia (Principal),23,14784669,,131
2026-04-21 07:55:09,9101  011080650700,9101,0,07:00:00,20260421,21239,Alto Vera Cruz,44,14791736,,1220
2026-04-21 07:55:09,2662450S307679P061800,9202,0,06:18:00,20260421,21238,Pompeia (Principal),89,14787766,,1586
2026-04-21 07:55:09,2662022S307679P073300,1505,1,07:33:00,20260421,21212,Alto dos Pinheiros (Via Conjunto Felicidade),12,14791848,,953
2026-04-21 07:55:09,2662268S307679P071600,1505,0,07:16:00,20260421,21211,Tupi,33,14791609,,161
2026-04-21 07:55:09,2662244S307679P074200,30,0,07:42:00,20260421,31486,Estação Diamante,2,14784492,,506
2026-04-21 07:55:09,2662493S307679P072500,30,0,07:25:00,20260421,30945,Estação Diamante (Paradora),36,14790651,,-760
2026-04-21 07:55:09,2662493S307679P073500,30,0,07:35:00,20260421,30947,Estação Diamante (Paradora),24,14792042,,-218
2026-04-21 07:55:09,2662244S307679P063500,30,0,06:35:00,20260421,30946,Estação Diamante,7,14784491,,1427
2026-04-21 07:55:09,2662484S307679P071800,3054,0,07:18:00,20260421,30935,Bairro Milionarios,39,14788777,,531
2026-04-21 07:55:09,2662115S307679P072000,4201,0,07:20:00,20260421,30917,Nova Cintra,27,14784429,,867
2026-04-21 07:55:09,2661757S307679P073500,326,0,07:35:00,20260421,30923,Barreiro,21,14793236,,264
2026-04-21 07:55:09,815   011080270730,815,0,07:30:00,20260421,30909,Estação São Gabriel,26,14787822,,-178
2026-04-21 07:55:09,2661759S307679P073000,9211,1,07:30:00,20260421,21188,Caetano Furquim,17,14789490,,975
2026-04-21 07:55:09,2661887S307679P065900,5201,1,06:59:00,20260421,21182,Dona Clara (Principal),41,14791788,,1000
2026-04-21 07:55:09,9204  012080470715,9204,1,07:15:00,20260421,21199,Santa Efigenia,55,14787752,,-171
2026-04-21 07:55:09,8551  011080020720,8551,0,07:20:00,20260421,21165,Estação São Gabriel,18,14785247,,820
2026-04-21 07:55:09,8101  011080440735,8101,0,07:35:00,20260421,21162,Alto Santa Lúcia,10,14786043,,624
2026-04-21 07:55:09,2662502S307679P074900,83P,0,07:49:00,20260421,21161,Estação São Gabriel,2,14786918,,306
2026-04-21 07:55:09,3501A 122080180700,3501A,1,07:00:00,20260421,20743,Jardim Alvorada (Via Fernao Dias),52,14784715,,-205
2026-04-21 07:55:09,2662295S307679P071200,2101,0,07:12:00,20260421,30999,Sion,44,14784573,,442
2026-04-21 07:55:09,202   011080310740,202,0,07:40:00,20260421,30980,Vila Oeste,18,14790146,,206
2026-04-21 07:55:09,2661823S307679P073600,2151,1,07:36:00,20260421,30989,Vista Alegre,22,14791275,,48
2026-04-21 07:55:09,2662430S307679P064800,3055,0,06:48:00,20260421,30959,Estação Barreiro,40,14791883,,279
